Date,Fire_Count,Fire_Pressure
2016-07-11,2,0.51
2016-07-12,0,0.0
2016-07-13,0,0.0
2016-07-14,0,0.0
2016-07-15,0,0.0
2016-07-16,0,0.0
2016-07-17,0,0.0
2016-07-18,0,0.0
2016-07-19,0,0.0
2016-07-20,0,0.0
2016-07-21,0,0.0
2016-07-22,0,0.0
2016-07-23,0,0.0
2016-07-24,0,0.0
2016-07-25,0,0.0
2016-07-26,0,0.0
2016-07-27,0,0.0
2016-07-28,0,0.0
2016-07-29,0,0.0
2016-07-30,0,0.0
2016-07-31,0,0.0
2016-08-01,0,0.0
2016-08-02,1,0.54
2016-08-03,0,0.0
2016-08-04,0,0.0
2016-08-05,0,0.0
2016-08-06,0,0.0
2016-08-07,0,0.0
2016-08-08,0,0.0
2016-08-09,0,0.0
2016-08-10,0,0.0
2016-08-11,0,0.0
2016-08-12,0,0.0
2016-08-13,0,0.0
2016-08-14,0,0.0
2016-08-15,0,0.0
2016-08-16,0,0.0
2016-08-17,0,0.0
2016-08-18,0,0.0
2016-08-19,0,0.0
2016-08-20,0,0.0
2016-08-21,0,0.0
2016-08-22,0,0.0
2016-08-23,0,0.0
2016-08-24,0,0.0
2016-08-25,0,0.0
2016-08-26,0,0.0
2016-08-27,0,0.0
2016-08-28,0,0.0
2016-08-29,0,0.0
2016-08-30,0,0.0
2016-08-31,0,0.0
2016-09-01,0,0.0
2016-09-02,0,0.0
2016-09-03,0,0.0
2016-09-04,0,0.0
2016-09-05,0,0.0
2016-09-06,0,0.0
2016-09-07,0,0.0
2016-09-08,0,0.0
2016-09-09,0,0.0
2016-09-10,0,0.0
2016-09-11,0,0.0
2016-09-12,0,0.0
2016-09-13,0,0.0
2016-09-14,0,0.0
2016-09-15,0,0.0
2016-09-16,0,0.0
2016-09-17,0,0.0
2016-09-18,0,0.0
2016-09-19,0,0.0
2016-09-20,0,0.0
2016-09-21,0,0.0
2016-09-22,0,0.0
2016-09-23,0,0.0
2016-09-24,3,1.17
2016-09-25,0,0.0
2016-09-26,0,0.0
2016-09-27,0,0.0
2016-09-28,2,2.95
2016-09-29,0,0.0
2016-09-30,0,0.0
2016-10-01,0,0.0
2016-10-02,0,0.0
2016-10-03,0,0.0
2016-10-04,0,0.0
2016-10-05,0,0.0
2016-10-06,0,0.0
2016-10-07,0,0.0
2016-10-08,0,0.0
2016-10-09,0,0.0
2016-10-10,1,2.27
2016-10-11,1,2.13
2016-10-12,0,0.0
2016-10-13,0,0.0
2016-10-14,2,9.09
2016-10-15,0,0.0
2016-10-16,0,0.0
2016-10-17,2,1.36
2016-10-18,2,0.59
2016-10-19,0,0.0
2016-10-20,4,2.2
2016-10-21,2,1.02
2016-10-22,1,0.21
2016-10-23,0,0.0
2016-10-24,0,0.0
2016-10-25,0,0.0
2016-10-26,0,0.0
2016-10-27,0,0.0
2016-10-28,0,0.0
2016-10-29,0,0.0
2016-10-30,0,0.0
2016-10-31,1,0.12
2016-11-01,0,0.0
2016-11-02,0,0.0
2016-11-03,0,0.0
2016-11-04,0,0.0
2016-11-05,0,0.0
2016-11-06,4,1.91
2016-11-07,1,0.15
2016-11-08,0,0.0
2016-11-09,0,0.0
2016-11-10,0,0.0
2016-11-11,0,0.0
2016-11-12,0,0.0
2016-11-13,0,0.0
2016-11-14,0,0.0
2016-11-15,2,0.24
2016-11-16,1,0.15
2016-11-17,2,0.47
2016-11-18,0,0.0
2016-11-19,0,0.0
2016-11-20,0,0.0
2016-11-21,6,4.27
2016-11-22,12,7.4
2016-11-23,9,5.65
2016-11-24,0,0.0
2016-11-25,4,8.01
2016-11-26,2,0.7
2016-11-27,0,0.0
2016-11-28,1,0.48
2016-11-29,1,0.1
2016-11-30,0,0.0
2016-12-01,8,10.37
2016-12-02,7,30.74
2016-12-03,13,10.65
2016-12-04,22,26.21
2016-12-05,8,3.1
2016-12-06,9,3.53
2016-12-07,27,19.46
2016-12-08,9,5.85
2016-12-09,33,16.2
2016-12-10,17,18.26
2016-12-11,2,5.94
2016-12-12,6,8.83
2016-12-13,24,48.47
2016-12-14,39,17.15
2016-12-15,9,2.75
2016-12-16,0,0.0
2016-12-17,0,0.0
2016-12-18,1,0.08
2016-12-19,22,27.99
2016-12-20,9,20.44
2016-12-21,8,3.32
2016-12-22,9,3.02
2016-12-23,11,4.38
2016-12-24,15,17.01
2016-12-25,15,4.89
2016-12-26,2,0.25
2016-12-27,11,8.13
2016-12-28,10,7.56
2016-12-29,1,0.15
2016-12-30,9,6.95
2016-12-31,0,0.0
2017-01-01,0,0.0
2017-01-02,0,0.0
2017-01-03,0,0.0
2017-01-04,0,0.0
2017-01-05,0,0.0
2017-01-06,0,0.0
2017-01-07,0,0.0
2017-01-08,0,0.0
2017-01-09,1,0.13
2017-01-10,0,0.0
2017-01-11,0,0.0
2017-01-12,0,0.0
2017-01-13,0,0.0
2017-01-14,0,0.0
2017-01-15,0,0.0
2017-01-16,2,0.26
2017-01-17,0,0.0
2017-01-18,8,7.08
2017-01-19,1,0.32
2017-01-20,6,27.35
2017-01-21,2,0.9
2017-01-22,2,0.55
2017-01-23,0,0.0
2017-01-24,10,6.43
2017-01-25,8,2.88
2017-01-26,15,3.52
2017-01-27,3,0.39
2017-01-28,2,0.36
2017-01-29,3,1.83
2017-01-30,7,1.21
2017-01-31,15,10.65
2017-02-01,5,1.04
2017-02-02,4,0.61
2017-02-03,7,6.09
2017-02-04,3,0.39
2017-02-05,16,4.58
2017-02-06,9,3.44
2017-02-07,4,1.65
2017-02-08,24,6.16
2017-02-09,17,16.34
2017-02-10,27,9.32
2017-02-11,11,8.65
2017-02-12,6,1.27
2017-02-13,13,2.46
2017-02-14,13,2.3
2017-02-15,23,7.56
2017-02-16,30,12.58
2017-02-17,2,0.28
2017-02-18,0,0.0
2017-02-19,0,0.0
2017-02-20,0,0.0
2017-02-21,1,0.85
2017-02-22,3,0.44
2017-02-23,2,0.3
2017-02-24,0,0.0
2017-02-25,14,1.91
2017-02-26,6,0.71
2017-02-27,3,0.4
2017-02-28,0,0.0
2017-03-01,5,0.7
2017-03-02,3,0.43
2017-03-03,2,0.26
2017-03-04,4,0.55
2017-03-05,8,0.91
2017-03-06,8,2.78
2017-03-07,5,0.62
2017-03-08,5,0.43
2017-03-09,6,0.94
2017-03-10,1,0.17
2017-03-11,8,0.96
2017-03-12,13,1.74
2017-03-13,12,1.78
2017-03-14,19,2.71
2017-03-15,5,0.54
2017-03-16,28,11.43
2017-03-17,46,7.34
2017-03-18,20,2.39
2017-03-19,47,5.93
2017-03-20,49,6.2
2017-03-21,40,5.75
2017-03-22,114,22.55
2017-03-23,43,6.3
2017-03-24,63,8.82
2017-03-25,105,17.9
2017-03-26,60,6.84
2017-03-27,32,3.08
2017-03-28,6,0.65
2017-03-29,3,0.52
2017-03-30,3,0.3
2017-03-31,8,1.23
2017-04-01,0,0.0
2017-04-02,0,0.0
2017-04-03,1,0.15
2017-04-04,0,0.0
2017-04-05,0,0.0
2017-04-06,1,0.13
2017-04-07,19,2.17
2017-04-08,45,7.28
2017-04-09,16,2.02
2017-04-10,89,10.87
2017-04-11,63,8.65
2017-04-12,18,2.1
2017-04-13,0,0.0
2017-04-14,0,0.0
2017-04-15,0,0.0
2017-04-16,0,0.0
2017-04-17,0,0.0
2017-04-18,2,0.78
2017-04-19,6,9.51
2017-04-20,37,23.2
2017-04-21,65,17.31
2017-04-22,58,23.36
2017-04-23,4,0.32
2017-04-24,0,0.0
2017-04-25,63,19.08
2017-04-26,55,13.3
2017-04-27,40,10.45
2017-04-28,6,1.3
2017-04-29,0,0.0
2017-04-30,5,1.53
2017-05-01,41,21.33
2017-05-02,34,9.98
2017-05-03,44,21.6
2017-05-04,27,8.12
2017-05-05,12,2.15
2017-05-06,0,0.0
2017-05-07,6,2.32
2017-05-08,7,1.25
2017-05-09,9,4.08
2017-05-10,0,0.0
2017-05-11,6,16.59
2017-05-12,0,0.0
2017-05-13,4,0.82
2017-05-14,3,2.41
2017-05-15,0,0.0
2017-05-16,0,0.0
2017-05-17,0,0.0
2017-05-18,0,0.0
2017-05-19,0,0.0
2017-05-20,0,0.0
2017-05-21,1,7.23
2017-05-22,17,7.07
2017-05-23,3,0.4
2017-05-24,3,0.44
2017-05-25,0,0.0
2017-05-26,0,0.0
2017-05-27,1,0.32
2017-05-28,0,0.0
2017-05-29,0,0.0
2017-05-30,0,0.0
2017-05-31,0,0.0
2017-06-01,0,0.0
2017-06-02,5,6.05
2017-06-03,2,0.43
2017-06-04,0,0.0
2017-06-05,0,0.0
2017-06-06,3,0.69
2017-06-07,0,0.0
2017-06-08,0,0.0
2017-06-09,0,0.0
2017-06-10,0,0.0
2017-06-11,0,0.0
2017-06-12,0,0.0
2017-06-13,0,0.0
2017-06-14,0,0.0
2017-06-15,0,0.0
2017-06-16,0,0.0
2017-06-17,0,0.0
2017-06-18,1,0.19
2017-06-19,2,0.41
2017-06-20,0,0.0
2017-06-21,1,0.09
2017-06-22,0,0.0
2017-06-23,1,0.12
2017-06-24,0,0.0
2017-06-25,0,0.0
2017-06-26,0,0.0
2017-06-27,0,0.0
2017-06-28,0,0.0
2017-06-29,0,0.0
2017-06-30,0,0.0
2017-07-01,0,0.0
2017-07-02,0,0.0
2017-07-03,0,0.0
2017-07-04,0,0.0
2017-07-05,0,0.0
2017-07-06,0,0.0
2017-07-07,0,0.0
2017-07-08,0,0.0
2017-07-09,0,0.0
2017-07-10,0,0.0
2017-07-11,0,0.0
2017-07-12,0,0.0
2017-07-13,0,0.0
2017-07-14,0,0.0
2017-07-15,0,0.0
2017-07-16,0,0.0
2017-07-17,0,0.0
2017-07-18,0,0.0
2017-07-19,0,0.0
2017-07-20,0,0.0
2017-07-21,0,0.0
2017-07-22,0,0.0
2017-07-23,0,0.0
2017-07-24,0,0.0
2017-07-25,0,0.0
2017-07-26,0,0.0
2017-07-27,0,0.0
2017-07-28,0,0.0
2017-07-29,0,0.0
2017-07-30,0,0.0
2017-07-31,0,0.0
2017-08-01,0,0.0
2017-08-02,0,0.0
2017-08-03,0,0.0
2017-08-04,0,0.0
2017-08-05,0,0.0
2017-08-06,0,0.0
2017-08-07,0,0.0
2017-08-08,0,0.0
2017-08-09,0,0.0
2017-08-10,0,0.0
2017-08-11,0,0.0
2017-08-12,0,0.0
2017-08-13,0,0.0
2017-08-14,0,0.0
2017-08-15,0,0.0
2017-08-16,0,0.0
2017-08-17,0,0.0
2017-08-18,0,0.0
2017-08-19,0,0.0
2017-08-20,0,0.0
2017-08-21,0,0.0
2017-08-22,0,0.0
2017-08-23,0,0.0
2017-08-24,0,0.0
2017-08-25,0,0.0
2017-08-26,0,0.0
2017-08-27,0,0.0
2017-08-28,0,0.0
2017-08-29,0,0.0
2017-08-30,0,0.0
2017-08-31,0,0.0
2017-09-01,0,0.0
2017-09-02,0,0.0
2017-09-03,0,0.0
2017-09-04,0,0.0
2017-09-05,0,0.0
2017-09-06,0,0.0
2017-09-07,0,0.0
2017-09-08,0,0.0
2017-09-09,0,0.0
2017-09-10,0,0.0
2017-09-11,0,0.0
2017-09-12,0,0.0
2017-09-13,0,0.0
2017-09-14,0,0.0
2017-09-15,1,2.22
2017-09-16,0,0.0
2017-09-17,0,0.0
2017-09-18,0,0.0
2017-09-19,0,0.0
2017-09-20,0,0.0
2017-09-21,0,0.0
2017-09-22,0,0.0
2017-09-23,0,0.0
2017-09-24,0,0.0
2017-09-25,0,0.0
2017-09-26,0,0.0
2017-09-27,0,0.0
2017-09-28,0,0.0
2017-09-29,0,0.0
2017-09-30,0,0.0
2017-10-01,0,0.0
2017-10-02,0,0.0
2017-10-03,0,0.0
2017-10-04,1,1.41
2017-10-05,0,0.0
2017-10-06,0,0.0
2017-10-07,0,0.0
2017-10-08,0,0.0
2017-10-09,0,0.0
2017-10-10,0,0.0
2017-10-11,0,0.0
2017-10-12,0,0.0
2017-10-13,0,0.0
2017-10-14,0,0.0
2017-10-15,0,0.0
2017-10-16,0,0.0
2017-10-17,0,0.0
2017-10-18,0,0.0
2017-10-19,0,0.0
2017-10-20,1,0.11
2017-10-21,0,0.0
2017-10-22,0,0.0
2017-10-23,0,0.0
2017-10-24,0,0.0
2017-10-25,0,0.0
2017-10-26,0,0.0
2017-10-27,0,0.0
2017-10-28,0,0.0
2017-10-29,0,0.0
2017-10-30,0,0.0
2017-10-31,1,0.43
2017-11-01,0,0.0
2017-11-02,0,0.0
2017-11-03,0,0.0
2017-11-04,5,4.68
2017-11-05,0,0.0
2017-11-06,0,0.0
2017-11-07,0,0.0
2017-11-08,0,0.0
2017-11-09,0,0.0
2017-11-10,4,1.0
2017-11-11,0,0.0
2017-11-12,0,0.0
2017-11-13,2,0.4
2017-11-14,5,3.0
2017-11-15,7,11.05
2017-11-16,1,0.13
2017-11-17,1,0.07
2017-11-18,3,0.94
2017-11-19,4,0.58
2017-11-20,10,7.07
2017-11-21,3,1.12
2017-11-22,3,1.66
2017-11-23,0,0.0
2017-11-24,0,0.0
2017-11-25,0,0.0
2017-11-26,0,0.0
2017-11-27,0,0.0
2017-11-28,0,0.0
2017-11-29,3,0.36
2017-11-30,10,11.97
2017-12-01,21,20.81
2017-12-02,16,9.75
2017-12-03,10,6.66
2017-12-04,21,22.81
2017-12-05,20,23.4
2017-12-06,77,87.17
2017-12-07,20,22.05
2017-12-08,0,0.0
2017-12-09,0,0.0
2017-12-10,0,0.0
2017-12-11,5,0.78
2017-12-12,12,5.5
2017-12-13,13,6.29
2017-12-14,14,8.49
2017-12-15,19,14.46
2017-12-16,14,6.94
2017-12-17,28,26.75
2017-12-18,10,11.31
2017-12-19,8,7.34
2017-12-20,16,79.81
2017-12-21,17,6.49
2017-12-22,31,11.26
2017-12-23,12,5.92
2017-12-24,5,1.13
2017-12-25,2,0.32
2017-12-26,0,0.0
2017-12-27,0,0.0
2017-12-28,0,0.0
2017-12-29,0,0.0
2017-12-30,0,0.0
2017-12-31,0,0.0
2018-01-01,0,0.0
2018-01-02,0,0.0
2018-01-03,0,0.0
2018-01-04,0,0.0
2018-01-05,0,0.0
2018-01-06,0,0.0
2018-01-07,0,0.0
2018-01-08,0,0.0
2018-01-09,2,0.35
2018-01-10,0,0.0
2018-01-11,0,0.0
2018-01-12,0,0.0
2018-01-13,0,0.0
2018-01-14,1,0.84
2018-01-15,2,0.84
2018-01-16,6,2.25
2018-01-17,13,2.21
2018-01-18,11,2.91
2018-01-19,10,4.89
2018-01-20,15,7.73
2018-01-21,14,2.58
2018-01-22,14,4.92
2018-01-23,17,5.11
2018-01-24,16,7.01
2018-01-25,5,2.0
2018-01-26,0,0.0
2018-01-27,9,3.1
2018-01-28,22,4.15
2018-01-29,14,2.98
2018-01-30,9,1.63
2018-01-31,13,5.87
2018-02-01,20,5.88
2018-02-02,10,3.18
2018-02-03,8,1.65
2018-02-04,2,0.36
2018-02-05,8,1.41
2018-02-06,14,3.43
2018-02-07,18,4.5
2018-02-08,43,13.12
2018-02-09,6,0.72
2018-02-10,48,11.83
2018-02-11,34,10.48
2018-02-12,5,3.73
2018-02-13,2,0.24
2018-02-14,1,0.16
2018-02-15,5,0.65
2018-02-16,3,0.23
2018-02-17,0,0.0
2018-02-18,0,0.0
2018-02-19,2,0.99
2018-02-20,3,0.35
2018-02-21,5,0.99
2018-02-22,3,0.4
2018-02-23,0,0.0
2018-02-24,4,1.46
2018-02-25,1,0.18
2018-02-26,0,0.0
2018-02-27,0,0.0
2018-02-28,2,0.5
2018-03-01,4,1.1
2018-03-02,0,0.0
2018-03-03,1,0.07
2018-03-04,1,0.15
2018-03-05,5,0.64
2018-03-06,3,0.32
2018-03-07,4,0.6
2018-03-08,3,0.37
2018-03-09,0,0.0
2018-03-10,0,0.0
2018-03-11,0,0.0
2018-03-12,0,0.0
2018-03-13,1,0.07
2018-03-14,0,0.0
2018-03-15,6,1.02
2018-03-16,8,1.01
2018-03-17,22,4.37
2018-03-18,2,0.25
2018-03-19,4,0.66
2018-03-20,2,0.17
2018-03-21,19,2.67
2018-03-22,25,3.55
2018-03-23,22,2.98
2018-03-24,60,7.62
2018-03-25,17,2.58
2018-03-26,20,2.41
2018-03-27,9,1.06
2018-03-28,5,0.62
2018-03-29,26,3.24
2018-03-30,26,2.89
2018-03-31,0,0.0
2018-04-01,0,0.0
2018-04-02,3,0.5
2018-04-03,9,1.7
2018-04-04,4,0.38
2018-04-05,0,0.0
2018-04-06,1,0.09
2018-04-07,0,0.0
2018-04-08,0,0.0
2018-04-09,2,0.23
2018-04-10,24,2.51
2018-04-11,73,10.61
2018-04-12,78,10.99
2018-04-13,94,33.35
2018-04-14,4,0.43
2018-04-15,6,0.65
2018-04-16,20,3.16
2018-04-17,0,0.0
2018-04-18,1,0.2
2018-04-19,0,0.0
2018-04-20,2,0.23
2018-04-21,13,10.12
2018-04-22,19,17.34
2018-04-23,176,27.5
2018-04-24,17,3.28
2018-04-25,1,0.09
2018-04-26,0,0.0
2018-04-27,0,0.0
2018-04-28,1,0.09
2018-04-29,0,0.0
2018-04-30,3,0.68
2018-05-01,2,0.66
2018-05-02,0,0.0
2018-05-03,0,0.0
2018-05-04,0,0.0
2018-05-05,0,0.0
2018-05-06,1,0.1
2018-05-07,2,0.33
2018-05-08,20,3.03
2018-05-09,43,23.41
2018-05-10,6,2.12
2018-05-11,3,0.85
2018-05-12,1,0.74
2018-05-13,2,2.11
2018-05-14,3,0.88
2018-05-15,0,0.0
2018-05-16,1,0.2
2018-05-17,1,0.44
2018-05-18,2,0.9
2018-05-19,4,0.85
2018-05-20,16,10.27
2018-05-21,3,0.38
2018-05-22,0,0.0
2018-05-23,0,0.0
2018-05-24,0,0.0
2018-05-25,1,0.19
2018-05-26,0,0.0
2018-05-27,0,0.0
2018-05-28,0,0.0
2018-05-29,1,0.48
2018-05-30,0,0.0
2018-05-31,0,0.0
2018-06-01,0,0.0
2018-06-02,0,0.0
2018-06-03,0,0.0
2018-06-04,1,0.1
2018-06-05,2,0.51
2018-06-06,1,0.56
2018-06-07,0,0.0
2018-06-08,0,0.0
2018-06-09,0,0.0
2018-06-10,0,0.0
2018-06-11,0,0.0
2018-06-12,0,0.0
2018-06-13,0,0.0
2018-06-14,0,0.0
2018-06-15,0,0.0
2018-06-16,0,0.0
2018-06-17,1,1.39
2018-06-18,0,0.0
2018-06-19,0,0.0
2018-06-20,0,0.0
2018-06-21,0,0.0
2018-06-22,0,0.0
2018-06-23,0,0.0
2018-06-24,0,0.0
2018-06-25,0,0.0
2018-06-26,0,0.0
2018-06-27,0,0.0
2018-06-28,0,0.0
2018-06-29,0,0.0
2018-06-30,0,0.0
2018-07-01,2,0.46
2018-07-02,0,0.0
2018-07-03,0,0.0
2018-07-04,0,0.0
2018-07-05,0,0.0
2018-07-06,0,0.0
2018-07-07,0,0.0
2018-07-08,0,0.0
2018-07-09,0,0.0
2018-07-10,0,0.0
2018-07-11,0,0.0
2018-07-12,0,0.0
2018-07-13,0,0.0
2018-07-14,0,0.0
2018-07-15,0,0.0
2018-07-16,0,0.0
2018-07-17,0,0.0
2018-07-18,0,0.0
2018-07-19,0,0.0
2018-07-20,0,0.0
2018-07-21,0,0.0
2018-07-22,0,0.0
2018-07-23,0,0.0
2018-07-24,0,0.0
2018-07-25,0,0.0
2018-07-26,0,0.0
2018-07-27,0,0.0
2018-07-28,0,0.0
2018-07-29,0,0.0
2018-07-30,0,0.0
2018-07-31,0,0.0
2018-08-01,0,0.0
2018-08-02,0,0.0
2018-08-03,0,0.0
2018-08-04,0,0.0
2018-08-05,0,0.0
2018-08-06,0,0.0
2018-08-07,0,0.0
2018-08-08,1,2.47
2018-08-09,0,0.0
2018-08-10,0,0.0
2018-08-11,0,0.0
2018-08-12,0,0.0
2018-08-13,0,0.0
2018-08-14,0,0.0
2018-08-15,0,0.0
2018-08-16,0,0.0
2018-08-17,0,0.0
2018-08-18,0,0.0
2018-08-19,0,0.0
2018-08-20,0,0.0
2018-08-21,0,0.0
2018-08-22,0,0.0
2018-08-23,0,0.0
2018-08-24,0,0.0
2018-08-25,0,0.0
2018-08-26,0,0.0
2018-08-27,0,0.0
2018-08-28,0,0.0
2018-08-29,0,0.0
2018-08-30,0,0.0
2018-08-31,0,0.0
2018-09-01,0,0.0
2018-09-02,0,0.0
2018-09-03,0,0.0
2018-09-04,0,0.0
2018-09-05,0,0.0
2018-09-06,0,0.0
2018-09-07,0,0.0
2018-09-08,0,0.0
2018-09-09,0,0.0
2018-09-10,0,0.0
2018-09-11,0,0.0
2018-09-12,0,0.0
2018-09-13,0,0.0
2018-09-14,0,0.0
2018-09-15,0,0.0
2018-09-16,1,0.33
2018-09-17,0,0.0
2018-09-18,0,0.0
2018-09-19,0,0.0
2018-09-20,1,0.09
2018-09-21,1,0.49
2018-09-22,0,0.0
2018-09-23,0,0.0
2018-09-24,1,0.14
2018-09-25,3,1.02
2018-09-26,0,0.0
2018-09-27,0,0.0
2018-09-28,1,0.13
2018-09-29,0,0.0
2018-09-30,0,0.0
2018-10-01,0,0.0
2018-10-02,0,0.0
2018-10-03,0,0.0
2018-10-04,0,0.0
2018-10-05,0,0.0
2018-10-06,0,0.0
2018-10-07,0,0.0
2018-10-08,0,0.0
2018-10-09,0,0.0
2018-10-10,0,0.0
2018-10-11,0,0.0
2018-10-12,0,0.0
2018-10-13,0,0.0
2018-10-14,0,0.0
2018-10-15,0,0.0
2018-10-16,1,0.19
2018-10-17,0,0.0
2018-10-18,2,0.71
2018-10-19,1,0.21
2018-10-20,1,20.41
2018-10-21,0,0.0
2018-10-22,0,0.0
2018-10-23,0,0.0
2018-10-24,0,0.0
2018-10-25,0,0.0
2018-10-26,0,0.0
2018-10-27,0,0.0
2018-10-28,1,0.28
2018-10-29,1,0.18
2018-10-30,0,0.0
2018-10-31,0,0.0
2018-11-01,1,0.15
2018-11-02,8,2.67
2018-11-03,4,1.0
2018-11-04,1,0.27
2018-11-05,4,1.57
2018-11-06,8,1.5
2018-11-07,16,15.27
2018-11-08,5,1.77
2018-11-09,2,0.44
2018-11-10,0,0.0
2018-11-11,0,0.0
2018-11-12,0,0.0
2018-11-13,0,0.0
2018-11-14,0,0.0
2018-11-15,0,0.0
2018-11-16,0,0.0
2018-11-17,4,1.35
2018-11-18,10,4.1
2018-11-19,2,0.56
2018-11-20,1,0.9
2018-11-21,9,2.33
2018-11-22,17,11.97
2018-11-23,27,12.53
2018-11-24,9,8.14
2018-11-25,3,2.89
2018-11-26,12,3.97
2018-11-27,19,8.89
2018-11-28,31,15.19
2018-11-29,30,20.71
2018-11-30,12,5.71
2018-12-01,5,2.44
2018-12-02,18,15.94
2018-12-03,33,26.23
2018-12-04,56,34.99
2018-12-05,16,9.38
2018-12-06,3,0.57
2018-12-07,2,1.84
2018-12-08,0,0.0
2018-12-09,16,5.43
2018-12-10,16,4.91
2018-12-11,3,1.33
2018-12-12,0,0.0
2018-12-13,0,0.0
2018-12-14,0,0.0
2018-12-15,3,0.53
2018-12-16,5,0.78
2018-12-17,4,0.7
2018-12-18,6,1.01
2018-12-19,12,2.68
2018-12-20,0,0.0
2018-12-21,8,1.85
2018-12-22,10,2.21
2018-12-23,21,15.01
2018-12-24,11,4.13
2018-12-25,13,4.57
2018-12-26,15,5.43
2018-12-27,4,0.85
2018-12-28,5,1.43
2018-12-29,0,0.0
2018-12-30,0,0.0
2018-12-31,0,0.0
2019-01-01,0,0.0
2019-01-02,0,0.0
2019-01-03,0,0.0
2019-01-04,4,1.22
2019-01-05,6,4.45
2019-01-06,5,0.88
2019-01-07,0,0.0
2019-01-08,0,0.0
2019-01-09,0,0.0
2019-01-10,0,0.0
2019-01-11,1,0.71
2019-01-12,0,0.0
2019-01-13,5,4.49
2019-01-14,10,2.92
2019-01-15,18,4.17
2019-01-16,7,2.84
2019-01-17,0,0.0
2019-01-18,10,2.5
2019-01-19,8,1.85
2019-01-20,10,4.25
2019-01-21,25,13.6
2019-01-22,5,3.41
2019-01-23,12,5.23
2019-01-24,46,18.57
2019-01-25,30,9.58
2019-01-26,39,17.2
2019-01-27,5,3.37
2019-01-28,5,0.79
2019-01-29,21,8.14
2019-01-30,19,4.81
2019-01-31,27,6.19
2019-02-01,19,8.3
2019-02-02,8,1.26
2019-02-03,15,5.51
2019-02-04,25,6.35
2019-02-05,32,9.92
2019-02-06,28,6.52
2019-02-07,26,19.98
2019-02-08,60,12.26
2019-02-09,92,24.02
2019-02-10,15,5.03
2019-02-11,7,1.27
2019-02-12,5,0.9
2019-02-13,5,1.84
2019-02-14,5,0.84
2019-02-15,4,0.92
2019-02-16,5,0.84
2019-02-17,9,1.64
2019-02-18,6,0.74
2019-02-19,4,0.5
2019-02-20,1,0.08
2019-02-21,10,1.35
2019-02-22,10,1.16
2019-02-23,9,1.24
2019-02-24,17,2.38
2019-02-25,11,1.27
2019-02-26,14,1.92
2019-02-27,13,3.65
2019-02-28,12,1.43
2019-03-01,19,4.46
2019-03-02,23,2.83
2019-03-03,25,2.95
2019-03-04,50,6.45
2019-03-05,30,3.57
2019-03-06,5,0.87
2019-03-07,4,0.38
2019-03-08,9,0.76
2019-03-09,78,10.02
2019-03-10,116,20.44
2019-03-11,108,13.1
2019-03-12,77,10.11
2019-03-13,159,25.41
2019-03-14,182,26.42
2019-03-15,148,21.98
2019-03-16,132,22.83
2019-03-17,49,7.8
2019-03-18,25,2.52
2019-03-19,57,7.14
2019-03-20,245,42.08
2019-03-21,217,45.15
2019-03-22,147,27.06
2019-03-23,71,9.41
2019-03-24,64,13.92
2019-03-25,157,40.73
2019-03-26,62,24.45
2019-03-27,27,5.39
2019-03-28,91,12.38
2019-03-29,240,58.55
2019-03-30,185,48.37
2019-03-31,382,119.73
2019-04-01,261,78.03
2019-04-02,90,30.33
2019-04-03,45,10.35
2019-04-04,33,7.26
2019-04-05,72,17.05
2019-04-06,51,51.32
2019-04-07,33,25.37
2019-04-08,55,35.78
2019-04-09,52,13.99
2019-04-10,173,44.79
2019-04-11,178,50.01
2019-04-12,140,93.99
2019-04-13,132,94.51
2019-04-14,252,297.36
2019-04-15,240,146.64
2019-04-16,356,128.72
2019-04-17,185,95.73
2019-04-18,192,102.18
2019-04-19,234,99.33
2019-04-20,223,113.18
2019-04-21,251,167.53
2019-04-22,93,28.56
2019-04-23,28,7.16
2019-04-24,19,3.46
2019-04-25,12,4.34
2019-04-26,33,5.36
2019-04-27,98,23.37
2019-04-28,123,37.46
2019-04-29,122,84.35
2019-04-30,203,84.05
2019-05-01,345,143.1
2019-05-02,358,148.95
2019-05-03,93,29.87
2019-05-04,88,44.01
2019-05-05,47,19.45
2019-05-06,80,36.39
2019-05-07,116,63.99
2019-05-08,89,30.81
2019-05-09,27,10.23
2019-05-10,30,12.04
2019-05-11,19,6.37
2019-05-12,39,19.82
2019-05-13,2,1.17
2019-05-14,2,0.27
2019-05-15,10,2.23
2019-05-16,22,33.73
2019-05-17,16,6.92
2019-05-18,67,29.39
2019-05-19,145,52.26
2019-05-20,106,31.13
2019-05-21,4,3.16
2019-05-22,1,0.15
2019-05-23,21,15.31
2019-05-24,24,16.32
2019-05-25,9,5.15
2019-05-26,2,0.6
2019-05-27,8,3.09
2019-05-28,8,4.1
2019-05-29,0,0.0
2019-05-30,1,0.56
2019-05-31,0,0.0
2019-06-01,0,0.0
2019-06-02,0,0.0
2019-06-03,4,1.61
2019-06-04,7,2.59
2019-06-05,2,0.29
2019-06-06,2,0.28
2019-06-07,4,3.28
2019-06-08,5,1.66
2019-06-09,1,0.21
2019-06-10,2,0.15
2019-06-11,0,0.0
2019-06-12,0,0.0
2019-06-13,0,0.0
2019-06-14,1,0.53
2019-06-15,0,0.0
2019-06-16,0,0.0
2019-06-17,0,0.0
2019-06-18,0,0.0
2019-06-19,0,0.0
2019-06-20,0,0.0
2019-06-21,2,0.73
2019-06-22,5,1.28
2019-06-23,0,0.0
2019-06-24,0,0.0
2019-06-25,0,0.0
2019-06-26,0,0.0
2019-06-27,0,0.0
2019-06-28,3,3.11
2019-06-29,0,0.0
2019-06-30,0,0.0
2019-07-01,0,0.0
2019-07-02,0,0.0
2019-07-03,0,0.0
2019-07-04,0,0.0
2019-07-05,0,0.0
2019-07-06,0,0.0
2019-07-07,0,0.0
2019-07-08,0,0.0
2019-07-09,0,0.0
2019-07-10,0,0.0
2019-07-11,0,0.0
2019-07-12,0,0.0
2019-07-13,0,0.0
2019-07-14,0,0.0
2019-07-15,1,0.25
2019-07-16,1,0.53
2019-07-17,0,0.0
2019-07-18,3,0.28
2019-07-19,2,1.53
2019-07-20,0,0.0
2019-07-21,0,0.0
2019-07-22,0,0.0
2019-07-23,0,0.0
2019-07-24,0,0.0
2019-07-25,0,0.0
2019-07-26,0,0.0
2019-07-27,0,0.0
2019-07-28,0,0.0
2019-07-29,0,0.0
2019-07-30,0,0.0
2019-07-31,0,0.0
2019-08-01,0,0.0
2019-08-02,0,0.0
2019-08-03,0,0.0
2019-08-04,0,0.0
2019-08-05,0,0.0
2019-08-06,0,0.0
2019-08-07,0,0.0
2019-08-08,0,0.0
2019-08-09,0,0.0
2019-08-10,0,0.0
2019-08-11,0,0.0
2019-08-12,0,0.0
2019-08-13,0,0.0
2019-08-14,0,0.0
2019-08-15,0,0.0
2019-08-16,0,0.0
2019-08-17,0,0.0
2019-08-18,0,0.0
2019-08-19,0,0.0
2019-08-20,0,0.0
2019-08-21,0,0.0
2019-08-22,0,0.0
2019-08-23,0,0.0
2019-08-24,0,0.0
2019-08-25,0,0.0
2019-08-26,2,9.58
2019-08-27,0,0.0
2019-08-28,0,0.0
2019-08-29,0,0.0
2019-08-30,0,0.0
2019-08-31,0,0.0
2019-09-01,0,0.0
2019-09-02,0,0.0
2019-09-03,0,0.0
2019-09-04,0,0.0
2019-09-05,0,0.0
2019-09-06,0,0.0
2019-09-07,1,0.26
2019-09-08,0,0.0
2019-09-09,0,0.0
2019-09-10,0,0.0
2019-09-11,0,0.0
2019-09-12,0,0.0
2019-09-13,0,0.0
2019-09-14,0,0.0
2019-09-15,0,0.0
2019-09-16,3,1.83
2019-09-17,3,6.19
2019-09-18,0,0.0
2019-09-19,0,0.0
2019-09-20,0,0.0
2019-09-21,0,0.0
2019-09-22,1,0.21
2019-09-23,3,1.41
2019-09-24,2,6.81
2019-09-25,0,0.0
2019-09-26,0,0.0
2019-09-27,4,4.11
2019-09-28,0,0.0
2019-09-29,4,3.11
2019-09-30,0,0.0
2019-10-01,0,0.0
2019-10-02,1,0.2
2019-10-03,3,2.7
2019-10-04,0,0.0
2019-10-05,0,0.0
2019-10-06,0,0.0
2019-10-07,2,6.56
2019-10-08,5,5.73
2019-10-09,1,0.15
2019-10-10,1,0.2
2019-10-11,1,0.31
2019-10-12,1,0.29
2019-10-13,0,0.0
2019-10-14,0,0.0
2019-10-15,0,0.0
2019-10-16,0,0.0
2019-10-17,0,0.0
2019-10-18,1,0.31
2019-10-19,1,0.61
2019-10-20,2,4.49
2019-10-21,2,1.94
2019-10-22,0,0.0
2019-10-23,1,3.43
2019-10-24,5,2.83
2019-10-25,4,1.13
2019-10-26,2,1.47
2019-10-27,0,0.0
2019-10-28,1,0.12
2019-10-29,1,0.3
2019-10-30,3,4.99
2019-10-31,0,0.0
2019-11-01,0,0.0
2019-11-02,3,0.44
2019-11-03,3,1.85
2019-11-04,5,5.06
2019-11-05,4,3.2
2019-11-06,0,0.0
2019-11-07,0,0.0
2019-11-08,0,0.0
2019-11-09,0,0.0
2019-11-10,1,0.2
2019-11-11,0,0.0
2019-11-12,0,0.0
2019-11-13,3,0.37
2019-11-14,0,0.0
2019-11-15,11,48.52
2019-11-16,5,1.09
2019-11-17,2,0.6
2019-11-18,6,1.67
2019-11-19,6,6.42
2019-11-20,20,44.31
2019-11-21,22,29.36
2019-11-22,10,2.48
2019-11-23,7,5.68
2019-11-24,12,8.0
2019-11-25,9,12.41
2019-11-26,52,52.33
2019-11-27,26,25.98
2019-11-28,26,18.55
2019-11-29,20,28.91
2019-11-30,32,41.28
2019-12-01,67,60.38
2019-12-02,29,21.82
2019-12-03,0,0.0
2019-12-04,6,3.04
2019-12-05,17,9.33
2019-12-06,34,17.47
2019-12-07,51,59.64
2019-12-08,39,30.5
2019-12-09,13,20.51
2019-12-10,18,11.36
2019-12-11,25,15.19
2019-12-12,30,12.78
2019-12-13,28,9.49
2019-12-14,27,8.82
2019-12-15,13,5.06
2019-12-16,19,22.8
2019-12-17,26,11.06
2019-12-18,21,5.1
2019-12-19,16,8.17
2019-12-20,11,3.77
2019-12-21,10,3.88
2019-12-22,10,3.2
2019-12-23,18,5.0
2019-12-24,13,3.54
2019-12-25,6,2.73
2019-12-26,11,3.48
2019-12-27,6,1.43
2019-12-28,1,0.29
2019-12-29,0,0.0
2019-12-30,0,0.0
2019-12-31,0,0.0
2020-01-01,2,0.52
2020-01-02,4,1.35
2020-01-03,7,2.33
2020-01-04,5,0.97
2020-01-05,5,2.04
2020-01-06,4,1.47
2020-01-07,11,5.89
2020-01-08,18,16.62
2020-01-09,8,2.33
2020-01-10,4,0.38
2020-01-11,5,1.91
2020-01-12,12,3.84
2020-01-13,19,15.35
2020-01-14,9,3.35
2020-01-15,14,4.9
2020-01-16,23,7.68
2020-01-17,11,19.1
2020-01-18,17,5.23
2020-01-19,10,4.86
2020-01-20,3,0.88
2020-01-21,10,2.37
2020-01-22,15,4.57
2020-01-23,27,5.59
2020-01-24,20,3.58
2020-01-25,11,2.38
2020-01-26,15,11.49
2020-01-27,15,2.51
2020-01-28,16,4.97
2020-01-29,26,7.51
2020-01-30,11,5.03
2020-01-31,6,6.88
2020-02-01,2,0.35
2020-02-02,8,10.54
2020-02-03,21,4.53
2020-02-04,21,7.54
2020-02-05,2,0.22
2020-02-06,9,6.13
2020-02-07,16,2.22
2020-02-08,15,2.89
2020-02-09,2,0.39
2020-02-10,8,1.59
2020-02-11,12,3.17
2020-02-12,29,5.48
2020-02-13,15,3.64
2020-02-14,55,12.65
2020-02-15,30,9.23
2020-02-16,9,1.36
2020-02-17,13,2.16
2020-02-18,11,1.2
2020-02-19,11,2.78
2020-02-20,10,4.02
2020-02-21,22,3.02
2020-02-22,1,0.57
2020-02-23,2,0.21
2020-02-24,11,1.74
2020-02-25,7,0.88
2020-02-26,2,0.23
2020-02-27,4,0.59
2020-02-28,9,1.89
2020-02-29,12,1.97
2020-03-01,28,5.88
2020-03-02,31,4.07
2020-03-03,21,3.5
2020-03-04,7,0.91
2020-03-05,54,6.02
2020-03-06,78,11.1
2020-03-07,108,17.01
2020-03-08,69,10.87
2020-03-09,101,14.81
2020-03-10,87,12.43
2020-03-11,229,41.74
2020-03-12,308,65.2
2020-03-13,162,30.87
2020-03-14,44,6.67
2020-03-15,23,2.72
2020-03-16,42,7.03
2020-03-17,191,33.45
2020-03-18,146,28.88
2020-03-19,77,24.72
2020-03-20,105,24.82
2020-03-21,71,11.98
2020-03-22,161,32.87
2020-03-23,193,56.8
2020-03-24,101,33.07
2020-03-25,143,72.19
2020-03-26,247,106.24
2020-03-27,254,115.52
2020-03-28,244,76.69
2020-03-29,137,61.28
2020-03-30,118,57.22
2020-03-31,164,45.16
2020-04-01,272,141.78
2020-04-02,559,286.31
2020-04-03,423,247.14
2020-04-04,137,39.65
2020-04-05,82,20.7
2020-04-06,210,66.92
2020-04-07,272,69.35
2020-04-08,136,28.56
2020-04-09,8,1.14
2020-04-10,33,7.76
2020-04-11,6,1.91
2020-04-12,53,20.98
2020-04-13,1,0.11
2020-04-14,1,0.13
2020-04-15,3,0.6
2020-04-16,8,0.72
2020-04-17,13,1.45
2020-04-18,54,10.82
2020-04-19,10,1.9
2020-04-20,15,5.01
2020-04-21,51,14.01
2020-04-22,64,18.49
2020-04-23,54,11.89
2020-04-24,3,0.58
2020-04-25,0,0.0
2020-04-26,0,0.0
2020-04-27,0,0.0
2020-04-28,1,0.24
2020-04-29,0,0.0
2020-04-30,0,0.0
2020-05-01,0,0.0
2020-05-02,0,0.0
2020-05-03,3,0.5
2020-05-04,4,0.96
2020-05-05,9,1.36
2020-05-06,16,10.28
2020-05-07,25,4.68
2020-05-08,18,3.59
2020-05-09,16,8.58
2020-05-10,7,1.73
2020-05-11,1,0.26
2020-05-12,3,1.01
2020-05-13,9,2.31
2020-05-14,8,7.85
2020-05-15,12,2.38
2020-05-16,30,23.36
2020-05-17,11,8.23
2020-05-18,18,21.12
2020-05-19,23,13.34
2020-05-20,4,2.69
2020-05-21,1,1.71
2020-05-22,2,0.32
2020-05-23,0,0.0
2020-05-24,2,0.63
2020-05-25,37,20.72
2020-05-26,11,3.47
2020-05-27,14,4.21
2020-05-28,1,0.13
2020-05-29,0,0.0
2020-05-30,1,0.2
2020-05-31,1,0.26
2020-06-01,0,0.0
2020-06-02,0,0.0
2020-06-03,0,0.0
2020-06-04,1,0.21
2020-06-05,0,0.0
2020-06-06,0,0.0
2020-06-07,0,0.0
2020-06-08,0,0.0
2020-06-09,2,0.59
2020-06-10,1,10.08
2020-06-11,1,0.13
2020-06-12,0,0.0
2020-06-13,3,0.83
2020-06-14,0,0.0
2020-06-15,0,0.0
2020-06-16,0,0.0
2020-06-17,0,0.0
2020-06-18,0,0.0
2020-06-19,0,0.0
2020-06-20,0,0.0
2020-06-21,0,0.0
2020-06-22,0,0.0
2020-06-23,1,0.1
2020-06-24,0,0.0
2020-06-25,0,0.0
2020-06-26,0,0.0
2020-06-27,0,0.0
2020-06-28,0,0.0
2020-06-29,0,0.0
2020-06-30,0,0.0
2020-07-01,0,0.0
2020-07-02,0,0.0
2020-07-03,0,0.0
2020-07-04,0,0.0
2020-07-05,0,0.0
2020-07-06,0,0.0
2020-07-07,0,0.0
2020-07-08,0,0.0
2020-07-09,0,0.0
2020-07-10,0,0.0
2020-07-11,0,0.0
2020-07-12,0,0.0
2020-07-13,0,0.0
2020-07-14,0,0.0
2020-07-15,0,0.0
2020-07-16,0,0.0
2020-07-17,0,0.0
2020-07-18,0,0.0
2020-07-19,0,0.0
2020-07-20,0,0.0
2020-07-21,0,0.0
2020-07-22,0,0.0
2020-07-23,0,0.0
2020-07-24,1,0.54
2020-07-25,1,0.1
2020-07-26,0,0.0
2020-07-27,0,0.0
2020-07-28,0,0.0
2020-07-29,0,0.0
2020-07-30,0,0.0
2020-07-31,0,0.0
2020-08-01,0,0.0
2020-08-02,0,0.0
2020-08-03,0,0.0
2020-08-04,0,0.0
2020-08-05,0,0.0
2020-08-06,0,0.0
2020-08-07,0,0.0
2020-08-08,0,0.0
2020-08-09,0,0.0
2020-08-10,0,0.0
2020-08-11,0,0.0
2020-08-12,0,0.0
2020-08-13,0,0.0
2020-08-14,0,0.0
2020-08-15,0,0.0
2020-08-16,0,0.0
2020-08-17,0,0.0
2020-08-18,0,0.0
2020-08-19,0,0.0
2020-08-20,0,0.0
2020-08-21,0,0.0
2020-08-22,0,0.0
2020-08-23,0,0.0
2020-08-24,0,0.0
2020-08-25,0,0.0
2020-08-26,0,0.0
2020-08-27,0,0.0
2020-08-28,0,0.0
2020-08-29,0,0.0
2020-08-30,0,0.0
2020-08-31,0,0.0
2020-09-01,0,0.0
2020-09-02,0,0.0
2020-09-03,0,0.0
2020-09-04,0,0.0
2020-09-05,0,0.0
2020-09-06,0,0.0
2020-09-07,0,0.0
2020-09-08,0,0.0
2020-09-09,0,0.0
2020-09-10,0,0.0
2020-09-11,0,0.0
2020-09-12,0,0.0
2020-09-13,0,0.0
2020-09-14,0,0.0
2020-09-15,0,0.0
2020-09-16,0,0.0
2020-09-17,0,0.0
2020-09-18,0,0.0
2020-09-19,0,0.0
2020-09-20,0,0.0
2020-09-21,0,0.0
2020-09-22,0,0.0
2020-09-23,1,1.92
2020-09-24,0,0.0
2020-09-25,0,0.0
2020-09-26,0,0.0
2020-09-27,0,0.0
2020-09-28,0,0.0
2020-09-29,0,0.0
2020-09-30,0,0.0
2020-10-01,0,0.0
2020-10-02,0,0.0
2020-10-03,0,0.0
2020-10-04,0,0.0
2020-10-05,3,0.46
2020-10-06,1,0.14
2020-10-07,0,0.0
2020-10-08,0,0.0
2020-10-09,0,0.0
2020-10-10,0,0.0
2020-10-11,3,0.47
2020-10-12,2,0.3
2020-10-13,2,0.28
2020-10-14,1,0.11
2020-10-15,0,0.0
2020-10-16,0,0.0
2020-10-17,0,0.0
2020-10-18,0,0.0
2020-10-19,0,0.0
2020-10-20,0,0.0
2020-10-21,0,0.0
2020-10-22,0,0.0
2020-10-23,0,0.0
2020-10-24,0,0.0
2020-10-25,5,4.78
2020-10-26,4,2.08
2020-10-27,6,2.35
2020-10-28,0,0.0
2020-10-29,0,0.0
2020-10-30,0,0.0
2020-10-31,0,0.0
2020-11-01,0,0.0
2020-11-02,2,1.03
2020-11-03,1,0.54
2020-11-04,0,0.0
2020-11-05,0,0.0
2020-11-06,0,0.0
2020-11-07,1,0.5
2020-11-08,3,1.28
2020-11-09,2,0.38
2020-11-10,9,6.1
2020-11-11,11,3.79
2020-11-12,23,10.9
2020-11-13,14,7.84
2020-11-14,8,3.82
2020-11-15,1,0.48
2020-11-16,10,2.46
2020-11-17,16,6.35
2020-11-18,8,2.36
2020-11-19,5,0.82
2020-11-20,1,0.28
2020-11-21,16,18.22
2020-11-22,23,14.43
2020-11-23,27,21.34
2020-11-24,12,9.58
2020-11-25,5,16.67
2020-11-26,23,16.77
2020-11-27,15,8.94
2020-11-28,40,38.16
2020-11-29,34,28.1
2020-11-30,22,20.61
2020-12-01,13,4.35
2020-12-02,42,23.62
2020-12-03,45,35.27
2020-12-04,13,11.43
2020-12-05,5,1.15
2020-12-06,13,4.79
2020-12-07,15,6.92
2020-12-08,27,26.31
2020-12-09,33,14.89
2020-12-10,16,7.08
2020-12-11,20,3.65
2020-12-12,32,11.03
2020-12-13,23,10.23
2020-12-14,42,19.26
2020-12-15,31,10.66
2020-12-16,5,1.13
2020-12-17,17,5.6
2020-12-18,18,4.92
2020-12-19,35,14.48
2020-12-20,0,0.0
2020-12-21,4,1.61
2020-12-22,6,1.06
2020-12-23,16,4.28
2020-12-24,27,13.01
2020-12-25,15,12.92
2020-12-26,9,8.42
2020-12-27,11,2.84
2020-12-28,25,10.17
2020-12-29,19,6.0
2020-12-30,30,8.45
2020-12-31,2,0.53
2021-01-01,12,2.94
2021-01-02,7,1.16
2021-01-03,18,5.87
2021-01-04,20,4.56
2021-01-05,18,8.04
2021-01-06,8,2.39
2021-01-07,7,1.82
2021-01-08,8,2.13
2021-01-09,9,3.94
2021-01-10,5,1.25
2021-01-11,0,0.0
2021-01-12,0,0.0
2021-01-13,0,0.0
2021-01-14,16,3.53
2021-01-15,11,2.7
2021-01-16,24,6.54
2021-01-17,7,1.47
2021-01-18,6,2.04
2021-01-19,21,6.33
2021-01-20,28,12.31
2021-01-21,18,5.59
2021-01-22,7,1.18
2021-01-23,23,10.1
2021-01-24,23,23.05
2021-01-25,23,8.43
2021-01-26,23,9.0
2021-01-27,11,2.36
2021-01-28,19,3.13
2021-01-29,26,8.11
2021-01-30,24,4.94
2021-01-31,0,0.0
2021-02-01,1,0.12
2021-02-02,3,0.41
2021-02-03,2,0.32
2021-02-04,3,0.42
2021-02-05,3,0.4
2021-02-06,2,0.34
2021-02-07,1,0.38
2021-02-08,0,0.0
2021-02-09,0,0.0
2021-02-10,0,0.0
2021-02-11,3,1.26
2021-02-12,2,0.35
2021-02-13,0,0.0
2021-02-14,1,0.08
2021-02-15,3,0.41
2021-02-16,4,1.19
2021-02-17,3,0.53
2021-02-18,0,0.0
2021-02-19,1,0.17
2021-02-20,1,0.14
2021-02-21,1,0.09
2021-02-22,5,0.83
2021-02-23,2,0.26
2021-02-24,1,0.19
2021-02-25,2,0.27
2021-02-26,2,0.3
2021-02-27,8,1.25
2021-02-28,6,1.68
2021-03-01,9,1.04
2021-03-02,3,0.34
2021-03-03,4,0.68
2021-03-04,4,0.61
2021-03-05,10,1.36
2021-03-06,9,9.47
2021-03-07,13,1.31
2021-03-08,13,1.48
2021-03-09,17,3.03
2021-03-10,10,2.56
2021-03-11,6,1.41
2021-03-12,24,3.9
2021-03-13,28,3.79
2021-03-14,21,2.32
2021-03-15,32,3.91
2021-03-16,32,3.37
2021-03-17,35,3.62
2021-03-18,28,4.66
2021-03-19,38,5.47
2021-03-20,49,9.83
2021-03-21,21,6.97
2021-03-22,104,13.58
2021-03-23,10,1.42
2021-03-24,59,7.17
2021-03-25,9,1.09
2021-03-26,11,1.5
2021-03-27,0,0.0
2021-03-28,47,5.11
2021-03-29,51,13.07
2021-03-30,137,23.98
2021-03-31,112,18.86
2021-04-01,95,16.8
2021-04-02,25,4.64
2021-04-03,0,0.0
2021-04-04,0,0.0
2021-04-05,0,0.0
2021-04-06,0,0.0
2021-04-07,0,0.0
2021-04-08,0,0.0
2021-04-09,0,0.0
2021-04-10,11,1.49
2021-04-11,6,1.36
2021-04-12,1,0.13
2021-04-13,2,0.25
2021-04-14,1,0.17
2021-04-15,15,1.63
2021-04-16,3,0.67
2021-04-17,0,0.0
2021-04-18,0,0.0
2021-04-19,1,0.5
2021-04-20,16,1.8
2021-04-21,30,3.68
2021-04-22,33,4.1
2021-04-23,13,1.65
2021-04-24,36,3.56
2021-04-25,14,1.81
2021-04-26,2,0.29
2021-04-27,0,0.0
2021-04-28,0,0.0
2021-04-29,10,0.95
2021-04-30,0,0.0
2021-05-01,11,1.47
2021-05-02,0,0.0
2021-05-03,16,3.66
2021-05-04,51,8.69
2021-05-05,23,6.18
2021-05-06,0,0.0
2021-05-07,10,1.46
2021-05-08,12,3.65
2021-05-09,2,1.0
2021-05-10,3,1.57
2021-05-11,10,3.29
2021-05-12,1,7.86
2021-05-13,0,0.0
2021-05-14,2,0.22
2021-05-15,3,0.33
2021-05-16,12,2.79
2021-05-17,40,10.3
2021-05-18,0,0.0
2021-05-19,1,0.12
2021-05-20,6,2.89
2021-05-21,1,0.09
2021-05-22,0,0.0
2021-05-23,1,0.48
2021-05-24,0,0.0
2021-05-25,0,0.0
2021-05-26,0,0.0
2021-05-27,4,3.18
2021-05-28,0,0.0
2021-05-29,1,0.19
2021-05-30,2,0.48
2021-05-31,0,0.0
2021-06-01,4,1.23
2021-06-02,5,3.11
2021-06-03,0,0.0
2021-06-04,0,0.0
2021-06-05,0,0.0
2021-06-06,4,2.25
2021-06-07,0,0.0
2021-06-08,0,0.0
2021-06-09,0,0.0
2021-06-10,0,0.0
2021-06-11,0,0.0
2021-06-12,0,0.0
2021-06-13,0,0.0
2021-06-14,0,0.0
2021-06-15,0,0.0
2021-06-16,0,0.0
2021-06-17,0,0.0
2021-06-18,1,0.09
2021-06-19,0,0.0
2021-06-20,0,0.0
2021-06-21,0,0.0
2021-06-22,0,0.0
2021-06-23,0,0.0
2021-06-24,0,0.0
2021-06-25,0,0.0
2021-06-26,0,0.0
2021-06-27,0,0.0
2021-06-28,0,0.0
2021-06-29,0,0.0
2021-06-30,0,0.0
2021-07-01,0,0.0
2021-07-02,0,0.0
2021-07-03,0,0.0
2021-07-04,0,0.0
2021-07-05,0,0.0
2021-07-06,0,0.0
2021-07-07,0,0.0
2021-07-08,0,0.0
2021-07-09,0,0.0
2021-07-10,0,0.0
2021-07-11,0,0.0
2021-07-12,0,0.0
2021-07-13,0,0.0
2021-07-14,0,0.0
2021-07-15,0,0.0
2021-07-16,0,0.0
2021-07-17,0,0.0
2021-07-18,0,0.0
2021-07-19,0,0.0
2021-07-20,0,0.0
2021-07-21,0,0.0
2021-07-22,0,0.0
2021-07-23,0,0.0
2021-07-24,0,0.0
2021-07-25,0,0.0
2021-07-26,0,0.0
2021-07-27,0,0.0
2021-07-28,0,0.0
2021-07-29,0,0.0
2021-07-30,0,0.0
2021-07-31,1,0.57
2021-08-01,0,0.0
2021-08-02,0,0.0
2021-08-03,0,0.0
2021-08-04,0,0.0
2021-08-05,0,0.0
2021-08-06,0,0.0
2021-08-07,0,0.0
2021-08-08,0,0.0
2021-08-09,0,0.0
2021-08-10,0,0.0
2021-08-11,0,0.0
2021-08-12,0,0.0
2021-08-13,0,0.0
2021-08-14,0,0.0
2021-08-15,0,0.0
2021-08-16,0,0.0
2021-08-17,0,0.0
2021-08-18,0,0.0
2021-08-19,0,0.0
2021-08-20,0,0.0
2021-08-21,0,0.0
2021-08-22,0,0.0
2021-08-23,0,0.0
2021-08-24,0,0.0
2021-08-25,0,0.0
2021-08-26,0,0.0
2021-08-27,0,0.0
2021-08-28,0,0.0
2021-08-29,0,0.0
2021-08-30,0,0.0
2021-08-31,0,0.0
2021-09-01,0,0.0
2021-09-02,0,0.0
2021-09-03,0,0.0
2021-09-04,0,0.0
2021-09-05,0,0.0
2021-09-06,0,0.0
2021-09-07,0,0.0
2021-09-08,0,0.0
2021-09-09,0,0.0
2021-09-10,0,0.0
2021-09-11,0,0.0
2021-09-12,0,0.0
2021-09-13,1,0.45
2021-09-14,0,0.0
2021-09-15,0,0.0
2021-09-16,0,0.0
2021-09-17,0,0.0
2021-09-18,0,0.0
2021-09-19,0,0.0
2021-09-20,0,0.0
2021-09-21,0,0.0
2021-09-22,0,0.0
2021-09-23,0,0.0
2021-09-24,0,0.0
2021-09-25,0,0.0
2021-09-26,0,0.0
2021-09-27,0,0.0
2021-09-28,0,0.0
2021-09-29,1,0.53
2021-09-30,0,0.0
2021-10-01,0,0.0
2021-10-02,0,0.0
2021-10-03,2,2.73
2021-10-04,0,0.0
2021-10-05,0,0.0
2021-10-06,0,0.0
2021-10-07,0,0.0
2021-10-08,1,1.09
2021-10-09,4,1.03
2021-10-10,2,1.6
2021-10-11,0,0.0
2021-10-12,0,0.0
2021-10-13,0,0.0
2021-10-14,0,0.0
2021-10-15,0,0.0
2021-10-16,0,0.0
2021-10-17,0,0.0
2021-10-18,0,0.0
2021-10-19,0,0.0
2021-10-20,0,0.0
2021-10-21,0,0.0
2021-10-22,0,0.0
2021-10-23,0,0.0
2021-10-24,0,0.0
2021-10-25,1,0.19
2021-10-26,0,0.0
2021-10-27,0,0.0
2021-10-28,0,0.0
2021-10-29,0,0.0
2021-10-30,0,0.0
2021-10-31,0,0.0
2021-11-01,0,0.0
2021-11-02,0,0.0
2021-11-03,0,0.0
2021-11-04,0,0.0
2021-11-05,0,0.0
2021-11-06,1,0.18
2021-11-07,0,0.0
2021-11-08,0,0.0
2021-11-09,2,0.58
2021-11-10,0,0.0
2021-11-11,0,0.0
2021-11-12,0,0.0
2021-11-13,0,0.0
2021-11-14,0,0.0
2021-11-15,3,4.09
2021-11-16,0,0.0
2021-11-17,1,0.32
2021-11-18,1,0.33
2021-11-19,1,0.52
2021-11-20,4,2.79
2021-11-21,3,0.4
2021-11-22,3,0.68
2021-11-23,1,0.19
2021-11-24,0,0.0
2021-11-25,1,0.12
2021-11-26,0,0.0
2021-11-27,0,0.0
2021-11-28,0,0.0
2021-11-29,2,4.2
2021-11-30,5,14.01
2021-12-01,20,8.48
2021-12-02,1,0.5
2021-12-03,6,6.26
2021-12-04,9,2.37
2021-12-05,19,7.19
2021-12-06,27,9.16
2021-12-07,9,1.66
2021-12-08,3,0.55
2021-12-09,4,0.7
2021-12-10,9,2.13
2021-12-11,20,8.51
2021-12-12,9,1.87
2021-12-13,4,1.23
2021-12-14,2,1.19
2021-12-15,1,0.07
2021-12-16,8,3.73
2021-12-17,16,4.03
2021-12-18,1,0.13
2021-12-19,0,0.0
2021-12-20,4,2.48
2021-12-21,10,2.76
2021-12-22,13,4.38
2021-12-23,12,4.19
2021-12-24,0,0.0
2021-12-25,5,5.67
2021-12-26,2,0.59
2021-12-27,8,2.02
2021-12-28,9,4.95
2021-12-29,6,1.17
2021-12-30,1,0.1
2021-12-31,2,2.48
2022-01-01,0,0.0
2022-01-02,8,1.39
2022-01-03,2,1.14
2022-01-04,2,0.31
2022-01-05,1,0.18
2022-01-06,8,30.48
2022-01-07,24,7.96
2022-01-08,8,1.16
2022-01-09,8,1.17
2022-01-10,12,1.88
2022-01-11,4,1.11
2022-01-12,2,0.3
2022-01-13,17,3.38
2022-01-14,3,0.82
2022-01-15,1,1.88
2022-01-16,0,0.0
2022-01-17,0,0.0
2022-01-18,0,0.0
2022-01-19,0,0.0
2022-01-20,0,0.0
2022-01-21,0,0.0
2022-01-22,1,0.19
2022-01-23,1,0.1
2022-01-24,1,0.25
2022-01-25,1,0.15
2022-01-26,10,1.6
2022-01-27,26,4.2
2022-01-28,44,9.7
2022-01-29,55,16.27
2022-01-30,10,2.89
2022-01-31,23,4.89
2022-02-01,13,5.36
2022-02-02,14,2.45
2022-02-03,20,7.73
2022-02-04,21,5.71
2022-02-05,0,0.0
2022-02-06,0,0.0
2022-02-07,1,0.46
2022-02-08,8,1.64
2022-02-09,11,1.73
2022-02-10,16,4.17
2022-02-11,15,2.8
2022-02-12,36,13.9
2022-02-13,27,8.31
2022-02-14,35,24.37
2022-02-15,0,0.0
2022-02-16,2,0.2
2022-02-17,0,0.0
2022-02-18,0,0.0
2022-02-19,0,0.0
2022-02-20,0,0.0
2022-02-21,0,0.0
2022-02-22,1,0.21
2022-02-23,0,0.0
2022-02-24,2,4.32
2022-02-25,0,0.0
2022-02-26,0,0.0
2022-02-27,3,1.06
2022-02-28,3,0.31
2022-03-01,4,0.47
2022-03-02,2,0.24
2022-03-03,5,0.5
2022-03-04,0,0.0
2022-03-05,2,0.2
2022-03-06,3,0.32
2022-03-07,3,0.36
2022-03-08,0,0.0
2022-03-09,3,0.43
2022-03-10,1,0.15
2022-03-11,2,3.19
2022-03-12,5,0.9
2022-03-13,0,0.0
2022-03-14,1,0.09
2022-03-15,9,0.93
2022-03-16,1,0.12
2022-03-17,28,3.1
2022-03-18,26,3.0
2022-03-19,8,0.98
2022-03-20,5,0.44
2022-03-21,13,1.44
2022-03-22,2,0.24
2022-03-23,0,0.0
2022-03-24,0,0.0
2022-03-25,1,0.09
2022-03-26,11,1.26
2022-03-27,31,3.87
2022-03-28,82,9.64
2022-03-29,1,0.13
2022-03-30,3,0.45
2022-03-31,0,0.0
2022-04-01,2,0.38
2022-04-02,0,0.0
2022-04-03,3,0.47
2022-04-04,6,1.02
2022-04-05,13,2.05
2022-04-06,0,0.0
2022-04-07,1,0.14
2022-04-08,15,2.25
2022-04-09,15,2.29
2022-04-10,6,0.66
2022-04-11,29,3.06
2022-04-12,18,2.35
2022-04-13,53,11.27
2022-04-14,20,2.01
2022-04-15,6,0.93
2022-04-16,12,2.53
2022-04-17,1,0.09
2022-04-18,4,0.33
2022-04-19,1,0.42
2022-04-20,1,0.26
2022-04-21,0,0.0
2022-04-22,0,0.0
2022-04-23,23,3.44
2022-04-24,2,0.18
2022-04-25,40,6.56
2022-04-26,17,4.06
2022-04-27,44,6.93
2022-04-28,61,21.93
2022-04-29,1,0.1
2022-04-30,0,0.0
2022-05-01,0,0.0
2022-05-02,0,0.0
2022-05-03,2,0.37
2022-05-04,48,18.61
2022-05-05,0,0.0
2022-05-06,0,0.0
2022-05-07,0,0.0
2022-05-08,0,0.0
2022-05-09,0,0.0
2022-05-10,0,0.0
2022-05-11,0,0.0
2022-05-12,0,0.0
2022-05-13,1,0.17
2022-05-14,7,1.43
2022-05-15,14,3.13
2022-05-16,6,0.82
2022-05-17,0,0.0
2022-05-18,0,0.0
2022-05-19,0,0.0
2022-05-20,0,0.0
2022-05-21,0,0.0
2022-05-22,0,0.0
2022-05-23,2,0.97
2022-05-24,1,0.26
2022-05-25,5,1.11
2022-05-26,1,0.15
2022-05-27,5,1.9
2022-05-28,1,0.11
2022-05-29,0,0.0
2022-05-30,0,0.0
2022-05-31,0,0.0
2022-06-01,0,0.0
2022-06-02,0,0.0
2022-06-03,0,0.0
2022-06-04,0,0.0
2022-06-05,2,0.4
2022-06-06,0,0.0
2022-06-07,1,0.12
2022-06-08,0,0.0
2022-06-09,0,0.0
2022-06-10,0,0.0
2022-06-11,0,0.0
2022-06-12,0,0.0
2022-06-13,0,0.0
2022-06-14,0,0.0
2022-06-15,0,0.0
2022-06-16,0,0.0
2022-06-17,0,0.0
2022-06-18,0,0.0
2022-06-19,0,0.0
2022-06-20,1,0.26
2022-06-21,4,3.39
2022-06-22,1,0.51
2022-06-23,0,0.0
2022-06-24,0,0.0
2022-06-25,0,0.0
2022-06-26,1,0.09
2022-06-27,0,0.0
2022-06-28,0,0.0
2022-06-29,0,0.0
2022-06-30,0,0.0
2022-07-01,0,0.0
2022-07-02,0,0.0
2022-07-03,0,0.0
2022-07-04,0,0.0
2022-07-05,0,0.0
2022-07-06,0,0.0
2022-07-07,1,1.15
2022-07-08,0,0.0
2022-07-09,1,0.1
2022-07-10,0,0.0
2022-07-11,0,0.0
2022-07-12,0,0.0
2022-07-13,0,0.0
2022-07-14,0,0.0
2022-07-15,0,0.0
2022-07-16,0,0.0
2022-07-17,1,0.09
2022-07-18,2,1.71
2022-07-19,0,0.0
2022-07-20,0,0.0
2022-07-21,0,0.0
2022-07-22,0,0.0
2022-07-23,0,0.0
2022-07-24,0,0.0
2022-07-25,0,0.0
2022-07-26,2,1.07
2022-07-27,0,0.0
2022-07-28,0,0.0
2022-07-29,0,0.0
2022-07-30,0,0.0
2022-07-31,0,0.0
2022-08-01,0,0.0
2022-08-02,0,0.0
2022-08-03,0,0.0
2022-08-04,0,0.0
2022-08-05,0,0.0
2022-08-06,0,0.0
2022-08-07,0,0.0
2022-08-08,0,0.0
2022-08-09,0,0.0
2022-08-10,0,0.0
2022-08-11,0,0.0
2022-08-12,0,0.0
2022-08-13,0,0.0
2022-08-14,0,0.0
2022-08-15,0,0.0
2022-08-16,0,0.0
2022-08-17,0,0.0
2022-08-18,0,0.0
2022-08-19,0,0.0
2022-08-20,0,0.0
2022-08-21,0,0.0
2022-08-22,0,0.0
2022-08-23,0,0.0
2022-08-24,2,0.27
2022-08-25,0,0.0
2022-08-26,0,0.0
2022-08-27,0,0.0
2022-08-28,0,0.0
2022-08-29,0,0.0
2022-08-30,1,0.69
2022-08-31,0,0.0
2022-09-01,0,0.0
2022-09-02,0,0.0
2022-09-03,0,0.0
2022-09-04,0,0.0
2022-09-05,0,0.0
2022-09-06,0,0.0
2022-09-07,0,0.0
2022-09-08,0,0.0
2022-09-09,0,0.0
2022-09-10,0,0.0
2022-09-11,0,0.0
2022-09-12,0,0.0
2022-09-13,0,0.0
2022-09-14,0,0.0
2022-09-15,0,0.0
2022-09-16,0,0.0
2022-09-17,0,0.0
2022-09-18,0,0.0
2022-09-19,0,0.0
2022-09-20,0,0.0
2022-09-21,0,0.0
2022-09-22,0,0.0
2022-09-23,0,0.0
2022-09-24,0,0.0
2022-09-25,0,0.0
2022-09-26,0,0.0
2022-09-27,0,0.0
2022-09-28,0,0.0
2022-09-29,0,0.0
2022-09-30,0,0.0
2022-10-01,0,0.0
2022-10-02,0,0.0
2022-10-03,0,0.0
2022-10-04,0,0.0
2022-10-05,0,0.0
2022-10-06,0,0.0
2022-10-07,0,0.0
2022-10-08,0,0.0
2022-10-09,0,0.0
2022-10-10,0,0.0
2022-10-11,0,0.0
2022-10-12,0,0.0
2022-10-13,0,0.0
2022-10-14,0,0.0
2022-10-15,0,0.0
2022-10-16,0,0.0
2022-10-17,5,6.19
2022-10-18,3,0.66
2022-10-19,1,0.57
2022-10-20,0,0.0
2022-10-21,1,1.11
2022-10-22,3,2.66
2022-10-23,1,0.78
2022-10-24,0,0.0
2022-10-25,0,0.0
2022-10-26,0,0.0
2022-10-27,1,0.21
2022-10-28,1,0.83
2022-10-29,0,0.0
2022-10-30,0,0.0
2022-10-31,4,0.85
2022-11-01,2,3.35
2022-11-02,12,4.51
2022-11-03,3,3.48
2022-11-04,2,0.29
2022-11-05,1,0.41
2022-11-06,5,2.7
2022-11-07,10,7.07
2022-11-08,1,0.18
2022-11-09,3,0.89
2022-11-10,2,0.42
2022-11-11,5,1.29
2022-11-12,15,5.56
2022-11-13,9,7.0
2022-11-14,5,18.26
2022-11-15,0,0.0
2022-11-16,0,0.0
2022-11-17,2,2.37
2022-11-18,0,0.0
2022-11-19,1,0.47
2022-11-20,0,0.0
2022-11-21,3,2.08
2022-11-22,10,4.29
2022-11-23,33,16.32
2022-11-24,0,0.0
2022-11-25,0,0.0
2022-11-26,0,0.0
2022-11-27,0,0.0
2022-11-28,0,0.0
2022-11-29,14,10.21
2022-11-30,5,6.68
2022-12-01,4,8.36
2022-12-02,3,0.56
2022-12-03,5,1.97
2022-12-04,28,32.55
2022-12-05,11,2.19
2022-12-06,4,1.19
2022-12-07,6,1.02
2022-12-08,13,4.26
2022-12-09,22,6.75
2022-12-10,12,3.02
2022-12-11,7,2.76
2022-12-12,6,1.5
2022-12-13,3,0.81
2022-12-14,11,6.4
2022-12-15,5,0.96
2022-12-16,1,0.22
2022-12-17,0,0.0
2022-12-18,3,0.46
2022-12-19,7,2.89
2022-12-20,9,1.97
2022-12-21,10,3.43
2022-12-22,3,1.52
2022-12-23,8,1.64
2022-12-24,5,2.01
2022-12-25,7,35.47
2022-12-26,9,2.59
2022-12-27,3,0.73
2022-12-28,4,1.12
2022-12-29,0,0.0
2022-12-30,2,0.54
2022-12-31,3,0.7
2023-01-01,3,2.2
2023-01-02,10,5.08
2023-01-03,3,1.08
2023-01-04,5,1.04
2023-01-05,18,8.47
2023-01-06,2,3.0
2023-01-07,5,0.99
2023-01-08,9,3.11
2023-01-09,12,3.13
2023-01-10,37,18.75
2023-01-11,5,3.72
2023-01-12,11,2.05
2023-01-13,22,27.53
2023-01-14,16,15.33
2023-01-15,19,42.48
2023-01-16,29,9.17
2023-01-17,9,1.42
2023-01-18,6,5.5
2023-01-19,5,1.08
2023-01-20,22,5.8
2023-01-21,15,19.5
2023-01-22,15,3.88
2023-01-23,7,2.31
2023-01-24,5,8.24
2023-01-25,6,2.68
2023-01-26,54,19.28
2023-01-27,21,7.12
2023-01-28,0,0.0
2023-01-29,5,3.22
2023-01-30,24,6.72
2023-01-31,21,20.59
2023-02-01,37,8.38
2023-02-02,15,2.7
2023-02-03,11,1.83
2023-02-04,23,5.86
2023-02-05,19,5.51
2023-02-06,83,44.58
2023-02-07,103,53.25
2023-02-08,59,12.5
2023-02-09,42,23.32
2023-02-10,93,38.54
2023-02-11,120,48.23
2023-02-12,78,23.71
2023-02-13,38,10.88
2023-02-14,28,8.71
2023-02-15,2,0.19
2023-02-16,1,0.12
2023-02-17,0,0.0
2023-02-18,0,0.0
2023-02-19,0,0.0
2023-02-20,7,0.89
2023-02-21,1,0.1
2023-02-22,5,3.02
2023-02-23,7,2.11
2023-02-24,6,1.6
2023-02-25,7,0.5
2023-02-26,6,0.6
2023-02-27,16,2.52
2023-02-28,16,4.97
2023-03-01,14,2.41
2023-03-02,14,3.29
2023-03-03,18,2.9
2023-03-04,16,2.71
2023-03-05,15,3.33
2023-03-06,17,2.91
2023-03-07,5,0.53
2023-03-08,10,1.17
2023-03-09,24,3.73
2023-03-10,56,7.56
2023-03-11,33,4.13
2023-03-12,4,1.01
2023-03-13,0,0.0
2023-03-14,11,1.13
2023-03-15,6,0.72
2023-03-16,4,1.63
2023-03-17,6,1.24
2023-03-18,5,1.51
2023-03-19,7,0.6
2023-03-20,17,2.8
2023-03-21,25,24.97
2023-03-22,119,37.77
2023-03-23,255,116.38
2023-03-24,200,64.86
2023-03-25,600,139.91
2023-03-26,502,163.34
2023-03-27,282,86.54
2023-03-28,423,139.97
2023-03-29,228,92.24
2023-03-30,240,88.12
2023-03-31,383,152.11
2023-04-01,279,89.59
2023-04-02,105,26.08
2023-04-03,155,33.27
2023-04-04,113,73.73
2023-04-05,395,309.04
2023-04-06,230,87.53
2023-04-07,213,84.32
2023-04-08,61,29.62
2023-04-09,162,41.78
2023-04-10,176,54.72
2023-04-11,245,54.36
2023-04-12,186,86.33
2023-04-13,133,92.55
2023-04-14,125,119.96
2023-04-15,178,138.61
2023-04-16,270,194.78
2023-04-17,173,119.25
2023-04-18,128,46.49
2023-04-19,178,145.61
2023-04-20,43,14.15
2023-04-21,63,9.89
2023-04-22,18,2.14
2023-04-23,20,2.22
2023-04-24,29,4.29
2023-04-25,29,4.23
2023-04-26,27,22.93
2023-04-27,12,7.34
2023-04-28,44,18.6
2023-04-29,51,11.11
2023-04-30,4,2.29
2023-05-01,27,5.06
2023-05-02,57,21.47
2023-05-03,12,2.18
2023-05-04,6,2.1
2023-05-05,21,5.65
2023-05-06,80,20.31
2023-05-07,112,107.95
2023-05-08,5,1.54
2023-05-09,0,0.0
2023-05-10,1,0.22
2023-05-11,3,0.6
2023-05-12,3,0.68
2023-05-13,0,0.0
2023-05-14,0,0.0
2023-05-15,0,0.0
2023-05-16,0,0.0
2023-05-17,11,3.29
2023-05-18,20,9.29
2023-05-19,8,2.74
2023-05-20,16,3.31
2023-05-21,6,4.66
2023-05-22,46,40.8
2023-05-23,59,30.08
2023-05-24,8,8.17
2023-05-25,7,5.89
2023-05-26,3,0.97
2023-05-27,4,0.99
2023-05-28,1,0.11
2023-05-29,0,0.0
2023-05-30,10,6.35
2023-05-31,1,0.33
2023-06-01,4,0.72
2023-06-02,6,1.67
2023-06-03,4,20.0
2023-06-04,9,4.51
2023-06-05,4,0.67
2023-06-06,0,0.0
2023-06-07,0,0.0
2023-06-08,0,0.0
2023-06-09,0,0.0
2023-06-10,0,0.0
2023-06-11,0,0.0
2023-06-12,0,0.0
2023-06-13,0,0.0
2023-06-14,0,0.0
2023-06-15,0,0.0
2023-06-16,0,0.0
2023-06-17,2,0.71
2023-06-18,5,2.44
2023-06-19,1,1.69
2023-06-20,0,0.0
2023-06-21,0,0.0
2023-06-22,0,0.0
2023-06-23,0,0.0
2023-06-24,0,0.0
2023-06-25,0,0.0
2023-06-26,0,0.0
2023-06-27,0,0.0
2023-06-28,0,0.0
2023-06-29,0,0.0
2023-06-30,0,0.0
